{
  "ABIRoot": {
    "kind": "Root",
    "name": "TopLevel",
    "printedName": "TopLevel",
    "children": [
      {
        "kind": "Import",
        "name": "UIKit",
        "printedName": "UIKit",
        "declKind": "Import",
        "moduleName": "MyFMK",
        "declAttributes": [
          "RawDocComment"
        ]
      }
    ],
    "json_format_version": 8
  },
  "ConstValues": [
    {
      "filePath": "\/Users\/spessotovitor\/Desktop\/Private\/MyFMK\/Sources\/MyFMK\/ViewController.swift",
      "kind": "StringLiteral",
      "offset": 237,
      "length": 14,
      "value": "\"Hello World!\""
    },
    {
      "filePath": "\/Users\/spessotovitor\/Desktop\/Private\/MyFMK\/Sources\/MyFMK\/ViewController.swift",
      "kind": "IntegerLiteral",
      "offset": 293,
      "length": 2,
      "value": "16"
    },
    {
      "filePath": "\/Users\/spessotovitor\/Desktop\/Private\/MyFMK\/Sources\/MyFMK\/ViewController.swift",
      "kind": "BooleanLiteral",
      "offset": 393,
      "length": 5,
      "value": "false"
    }
  ]
}